{
  "id": "278f98b4-da20-466c-9033-bd2fc1163619",
  "prevId": "00000000-0000-0000-0000-000000000000",
  "version": "7",
  "dialect": "postgresql",
  "tables": {
    "public.trip_route": {
      "name": "trip_route",
      "schema": "",
      "columns": {
        "id": {
          "name": "id",
          "type": "text",
          "primaryKey": true,
          "notNull": true,
          "default": "gen_random_uuid()"
        },
        "trip_id": {
          "name": "trip_id",
          "type": "text",
          "primaryKey": false,
          "notNull": true
        },
        "street_id": {
          "name": "street_id",
          "type": "text",
          "primaryKey": false,
          "notNull": false
        },
        "route_index": {
          "name": "route_index",
          "type": "integer",
          "primaryKey": false,
          "notNull": true
        },
        "name": {
          "name": "name",
          "type": "text",
          "primaryKey": false,
          "notNull": true
        },
        "geometry": {
          "name": "geometry",
          "type": "jsonb",
          "primaryKey": false,
          "notNull": true
        },
        "distance": {
          "name": "distance",
          "type": "numeric(10, 2)",
          "primaryKey": false,
          "notNull": true
        },
        "start_lat": {
          "name": "start_lat",
          "type": "numeric(10, 6)",
          "primaryKey": false,
          "notNull": true
        },
        "start_lon": {
          "name": "start_lon",
          "type": "numeric(10, 6)",
          "primaryKey": false,
          "notNull": true
        },
        "end_lat": {
          "name": "end_lat",
          "type": "numeric(10, 6)",
          "primaryKey": false,
          "notNull": true
        },
        "end_lon": {
          "name": "end_lon",
          "type": "numeric(10, 6)",
          "primaryKey": false,
          "notNull": true
        },
        "created_at": {
          "name": "created_at",
          "type": "timestamp with time zone",
          "primaryKey": false,
          "notNull": true,
          "default": "now()"
        }
      },
      "indexes": {
        "trip_route_trip_id_route_index_index": {
          "name": "trip_route_trip_id_route_index_index",
          "columns": [
            {
              "expression": "trip_id",
              "isExpression": false,
              "asc": true,
              "nulls": "last"
            },
            {
              "expression": "route_index",
              "isExpression": false,
              "asc": true,
              "nulls": "last"
            }
          ],
          "isUnique": true,
          "concurrently": false,
          "method": "btree",
          "with": {}
        }
      },
      "foreignKeys": {
        "trip_route_trip_id_trip_id_fk": {
          "name": "trip_route_trip_id_trip_id_fk",
          "tableFrom": "trip_route",
          "tableTo": "trip",
          "columnsFrom": [
            "trip_id"
          ],
          "columnsTo": [
            "id"
          ],
          "onDelete": "cascade",
          "onUpdate": "no action"
        },
        "trip_route_street_id_street_id_fk": {
          "name": "trip_route_street_id_street_id_fk",
          "tableFrom": "trip_route",
          "tableTo": "street",
          "columnsFrom": [
            "street_id"
          ],
          "columnsTo": [
            "id"
          ],
          "onDelete": "set null",
          "onUpdate": "no action"
        }
      },
      "compositePrimaryKeys": {},
      "uniqueConstraints": {},
      "policies": {},
      "checkConstraints": {},
      "isRLSEnabled": false
    },
    "public.trip": {
      "name": "trip",
      "schema": "",
      "columns": {
        "id": {
          "name": "id",
          "type": "text",
          "primaryKey": true,
          "notNull": true,
          "default": "gen_random_uuid()"
        },
        "user_id": {
          "name": "user_id",
          "type": "text",
          "primaryKey": false,
          "notNull": true
        },
        "name": {
          "name": "name",
          "type": "text",
          "primaryKey": false,
          "notNull": false
        },
        "start_time": {
          "name": "start_time",
          "type": "timestamp with time zone",
          "primaryKey": false,
          "notNull": true
        },
        "end_time": {
          "name": "end_time",
          "type": "timestamp with time zone",
          "primaryKey": false,
          "notNull": true
        },
        "distance": {
          "name": "distance",
          "type": "numeric(10, 2)",
          "primaryKey": false,
          "notNull": true
        },
        "avg_speed": {
          "name": "avg_speed",
          "type": "numeric(10, 2)",
          "primaryKey": false,
          "notNull": false
        },
        "max_speed": {
          "name": "max_speed",
          "type": "numeric(10, 2)",
          "primaryKey": false,
          "notNull": false
        },
        "duration": {
          "name": "duration",
          "type": "integer",
          "primaryKey": false,
          "notNull": true
        },
        "route": {
          "name": "route",
          "type": "jsonb",
          "primaryKey": false,
          "notNull": false
        },
        "weather_data": {
          "name": "weather_data",
          "type": "jsonb",
          "primaryKey": false,
          "notNull": false
        },
        "collection_mode": {
          "name": "collection_mode",
          "type": "text",
          "primaryKey": false,
          "notNull": true
        },
        "is_published": {
          "name": "is_published",
          "type": "integer",
          "primaryKey": false,
          "notNull": true,
          "default": 0
        },
        "published_path_id": {
          "name": "published_path_id",
          "type": "text",
          "primaryKey": false,
          "notNull": false
        },
        "created_at": {
          "name": "created_at",
          "type": "timestamp with time zone",
          "primaryKey": false,
          "notNull": true,
          "default": "now()"
        },
        "updated_at": {
          "name": "updated_at",
          "type": "timestamp with time zone",
          "primaryKey": false,
          "notNull": true,
          "default": "now()"
        }
      },
      "indexes": {},
      "foreignKeys": {
        "trip_user_id_user_id_fk": {
          "name": "trip_user_id_user_id_fk",
          "tableFrom": "trip",
          "tableTo": "user",
          "columnsFrom": [
            "user_id"
          ],
          "columnsTo": [
            "id"
          ],
          "onDelete": "cascade",
          "onUpdate": "no action"
        }
      },
      "compositePrimaryKeys": {},
      "uniqueConstraints": {},
      "policies": {},
      "checkConstraints": {},
      "isRLSEnabled": false
    },
    "public.identity": {
      "name": "identity",
      "schema": "",
      "columns": {
        "id": {
          "name": "id",
          "type": "text",
          "primaryKey": true,
          "notNull": true,
          "default": "gen_random_uuid()"
        },
        "account_id": {
          "name": "account_id",
          "type": "text",
          "primaryKey": false,
          "notNull": true
        },
        "provider_id": {
          "name": "provider_id",
          "type": "text",
          "primaryKey": false,
          "notNull": true
        },
        "user_id": {
          "name": "user_id",
          "type": "text",
          "primaryKey": false,
          "notNull": true
        },
        "access_token": {
          "name": "access_token",
          "type": "text",
          "primaryKey": false,
          "notNull": false
        },
        "refresh_token": {
          "name": "refresh_token",
          "type": "text",
          "primaryKey": false,
          "notNull": false
        },
        "id_token": {
          "name": "id_token",
          "type": "text",
          "primaryKey": false,
          "notNull": false
        },
        "access_token_expires_at": {
          "name": "access_token_expires_at",
          "type": "timestamp with time zone",
          "primaryKey": false,
          "notNull": false
        },
        "refresh_token_expires_at": {
          "name": "refresh_token_expires_at",
          "type": "timestamp with time zone",
          "primaryKey": false,
          "notNull": false
        },
        "scope": {
          "name": "scope",
          "type": "text",
          "primaryKey": false,
          "notNull": false
        },
        "password": {
          "name": "password",
          "type": "text",
          "primaryKey": false,
          "notNull": false
        },
        "created_at": {
          "name": "created_at",
          "type": "timestamp with time zone",
          "primaryKey": false,
          "notNull": true,
          "default": "now()"
        },
        "updated_at": {
          "name": "updated_at",
          "type": "timestamp with time zone",
          "primaryKey": false,
          "notNull": true,
          "default": "now()"
        }
      },
      "indexes": {},
      "foreignKeys": {
        "identity_user_id_user_id_fk": {
          "name": "identity_user_id_user_id_fk",
          "tableFrom": "identity",
          "tableTo": "user",
          "columnsFrom": [
            "user_id"
          ],
          "columnsTo": [
            "id"
          ],
          "onDelete": "cascade",
          "onUpdate": "no action"
        }
      },
      "compositePrimaryKeys": {},
      "uniqueConstraints": {},
      "policies": {},
      "checkConstraints": {},
      "isRLSEnabled": false
    },
    "public.session": {
      "name": "session",
      "schema": "",
      "columns": {
        "id": {
          "name": "id",
          "type": "text",
          "primaryKey": true,
          "notNull": true,
          "default": "gen_random_uuid()"
        },
        "expires_at": {
          "name": "expires_at",
          "type": "timestamp with time zone",
          "primaryKey": false,
          "notNull": true
        },
        "token": {
          "name": "token",
          "type": "text",
          "primaryKey": false,
          "notNull": true
        },
        "created_at": {
          "name": "created_at",
          "type": "timestamp with time zone",
          "primaryKey": false,
          "notNull": true,
          "default": "now()"
        },
        "updated_at": {
          "name": "updated_at",
          "type": "timestamp with time zone",
          "primaryKey": false,
          "notNull": true,
          "default": "now()"
        },
        "ip_address": {
          "name": "ip_address",
          "type": "text",
          "primaryKey": false,
          "notNull": false
        },
        "user_agent": {
          "name": "user_agent",
          "type": "text",
          "primaryKey": false,
          "notNull": false
        },
        "user_id": {
          "name": "user_id",
          "type": "text",
          "primaryKey": false,
          "notNull": true
        },
        "active_organization_id": {
          "name": "active_organization_id",
          "type": "text",
          "primaryKey": false,
          "notNull": false
        },
        "active_team_id": {
          "name": "active_team_id",
          "type": "text",
          "primaryKey": false,
          "notNull": false
        }
      },
      "indexes": {},
      "foreignKeys": {
        "session_user_id_user_id_fk": {
          "name": "session_user_id_user_id_fk",
          "tableFrom": "session",
          "tableTo": "user",
          "columnsFrom": [
            "user_id"
          ],
          "columnsTo": [
            "id"
          ],
          "onDelete": "cascade",
          "onUpdate": "no action"
        }
      },
      "compositePrimaryKeys": {},
      "uniqueConstraints": {
        "session_token_unique": {
          "name": "session_token_unique",
          "nullsNotDistinct": false,
          "columns": [
            "token"
          ]
        }
      },
      "policies": {},
      "checkConstraints": {},
      "isRLSEnabled": false
    },
    "public.user": {
      "name": "user",
      "schema": "",
      "columns": {
        "id": {
          "name": "id",
          "type": "text",
          "primaryKey": true,
          "notNull": true,
          "default": "gen_random_uuid()"
        },
        "name": {
          "name": "name",
          "type": "text",
          "primaryKey": false,
          "notNull": true
        },
        "email": {
          "name": "email",
          "type": "text",
          "primaryKey": false,
          "notNull": true
        },
        "email_verified": {
          "name": "email_verified",
          "type": "boolean",
          "primaryKey": false,
          "notNull": true
        },
        "image": {
          "name": "image",
          "type": "text",
          "primaryKey": false,
          "notNull": false
        },
        "is_anonymous": {
          "name": "is_anonymous",
          "type": "boolean",
          "primaryKey": false,
          "notNull": true
        },
        "created_at": {
          "name": "created_at",
          "type": "timestamp with time zone",
          "primaryKey": false,
          "notNull": true,
          "default": "now()"
        },
        "updated_at": {
          "name": "updated_at",
          "type": "timestamp with time zone",
          "primaryKey": false,
          "notNull": true,
          "default": "now()"
        }
      },
      "indexes": {},
      "foreignKeys": {},
      "compositePrimaryKeys": {},
      "uniqueConstraints": {
        "user_email_unique": {
          "name": "user_email_unique",
          "nullsNotDistinct": false,
          "columns": [
            "email"
          ]
        }
      },
      "policies": {},
      "checkConstraints": {},
      "isRLSEnabled": false
    },
    "public.verification": {
      "name": "verification",
      "schema": "",
      "columns": {
        "id": {
          "name": "id",
          "type": "text",
          "primaryKey": true,
          "notNull": true,
          "default": "gen_random_uuid()"
        },
        "identifier": {
          "name": "identifier",
          "type": "text",
          "primaryKey": false,
          "notNull": true
        },
        "value": {
          "name": "value",
          "type": "text",
          "primaryKey": false,
          "notNull": true
        },
        "expires_at": {
          "name": "expires_at",
          "type": "timestamp with time zone",
          "primaryKey": false,
          "notNull": true
        },
        "created_at": {
          "name": "created_at",
          "type": "timestamp with time zone",
          "primaryKey": false,
          "notNull": true,
          "default": "now()"
        },
        "updated_at": {
          "name": "updated_at",
          "type": "timestamp with time zone",
          "primaryKey": false,
          "notNull": true,
          "default": "now()"
        }
      },
      "indexes": {},
      "foreignKeys": {},
      "compositePrimaryKeys": {},
      "uniqueConstraints": {},
      "policies": {},
      "checkConstraints": {},
      "isRLSEnabled": false
    },
    "public.obstacle_report": {
      "name": "obstacle_report",
      "schema": "",
      "columns": {
        "id": {
          "name": "id",
          "type": "text",
          "primaryKey": true,
          "notNull": true,
          "default": "gen_random_uuid()"
        },
        "trip_route_id": {
          "name": "trip_route_id",
          "type": "text",
          "primaryKey": false,
          "notNull": true
        },
        "user_id": {
          "name": "user_id",
          "type": "text",
          "primaryKey": false,
          "notNull": true
        },
        "status": {
          "name": "status",
          "type": "text",
          "primaryKey": false,
          "notNull": true,
          "default": "'PENDING'"
        },
        "type": {
          "name": "type",
          "type": "text",
          "primaryKey": false,
          "notNull": true
        },
        "description": {
          "name": "description",
          "type": "text",
          "primaryKey": false,
          "notNull": false
        },
        "lat": {
          "name": "lat",
          "type": "numeric(10, 7)",
          "primaryKey": false,
          "notNull": true
        },
        "lon": {
          "name": "lon",
          "type": "numeric(10, 7)",
          "primaryKey": false,
          "notNull": true
        },
        "detection_mode": {
          "name": "detection_mode",
          "type": "text",
          "primaryKey": false,
          "notNull": true
        },
        "sensor_data": {
          "name": "sensor_data",
          "type": "text",
          "primaryKey": false,
          "notNull": false
        },
        "created_at": {
          "name": "created_at",
          "type": "timestamp with time zone",
          "primaryKey": false,
          "notNull": true,
          "default": "now()"
        },
        "confirmed_at": {
          "name": "confirmed_at",
          "type": "timestamp with time zone",
          "primaryKey": false,
          "notNull": false
        },
        "updated_at": {
          "name": "updated_at",
          "type": "timestamp with time zone",
          "primaryKey": false,
          "notNull": true,
          "default": "now()"
        }
      },
      "indexes": {},
      "foreignKeys": {
        "obstacle_report_trip_route_id_trip_route_id_fk": {
          "name": "obstacle_report_trip_route_id_trip_route_id_fk",
          "tableFrom": "obstacle_report",
          "tableTo": "trip_route",
          "columnsFrom": [
            "trip_route_id"
          ],
          "columnsTo": [
            "id"
          ],
          "onDelete": "cascade",
          "onUpdate": "no action"
        },
        "obstacle_report_user_id_user_id_fk": {
          "name": "obstacle_report_user_id_user_id_fk",
          "tableFrom": "obstacle_report",
          "tableTo": "user",
          "columnsFrom": [
            "user_id"
          ],
          "columnsTo": [
            "id"
          ],
          "onDelete": "cascade",
          "onUpdate": "no action"
        }
      },
      "compositePrimaryKeys": {},
      "uniqueConstraints": {},
      "policies": {},
      "checkConstraints": {},
      "isRLSEnabled": false
    },
    "public.path": {
      "name": "path",
      "schema": "",
      "columns": {
        "id": {
          "name": "id",
          "type": "text",
          "primaryKey": true,
          "notNull": true,
          "default": "gen_random_uuid()"
        },
        "name": {
          "name": "name",
          "type": "text",
          "primaryKey": false,
          "notNull": true
        },
        "description": {
          "name": "description",
          "type": "text",
          "primaryKey": false,
          "notNull": false
        },
        "trip_id": {
          "name": "trip_id",
          "type": "text",
          "primaryKey": false,
          "notNull": false
        },
        "geometry": {
          "name": "geometry",
          "type": "jsonb",
          "primaryKey": false,
          "notNull": false
        },
        "current_status": {
          "name": "current_status",
          "type": "text",
          "primaryKey": false,
          "notNull": false
        },
        "score": {
          "name": "score",
          "type": "numeric(5, 2)",
          "primaryKey": false,
          "notNull": false
        },
        "score_calculated_at": {
          "name": "score_calculated_at",
          "type": "timestamp with time zone",
          "primaryKey": false,
          "notNull": false
        },
        "created_at": {
          "name": "created_at",
          "type": "timestamp with time zone",
          "primaryKey": false,
          "notNull": true,
          "default": "now()"
        },
        "updated_at": {
          "name": "updated_at",
          "type": "timestamp with time zone",
          "primaryKey": false,
          "notNull": true,
          "default": "now()"
        }
      },
      "indexes": {},
      "foreignKeys": {
        "path_trip_id_trip_id_fk": {
          "name": "path_trip_id_trip_id_fk",
          "tableFrom": "path",
          "tableTo": "trip",
          "columnsFrom": [
            "trip_id"
          ],
          "columnsTo": [
            "id"
          ],
          "onDelete": "set null",
          "onUpdate": "no action"
        }
      },
      "compositePrimaryKeys": {},
      "uniqueConstraints": {},
      "policies": {},
      "checkConstraints": {},
      "isRLSEnabled": false
    },
    "public.path_report": {
      "name": "path_report",
      "schema": "",
      "columns": {
        "id": {
          "name": "id",
          "type": "text",
          "primaryKey": true,
          "notNull": true,
          "default": "gen_random_uuid()"
        },
        "user_id": {
          "name": "user_id",
          "type": "text",
          "primaryKey": false,
          "notNull": true
        },
        "trip_route_id": {
          "name": "trip_route_id",
          "type": "text",
          "primaryKey": false,
          "notNull": false
        },
        "street_name": {
          "name": "street_name",
          "type": "text",
          "primaryKey": false,
          "notNull": false
        },
        "lat": {
          "name": "lat",
          "type": "numeric(10, 7)",
          "primaryKey": false,
          "notNull": false
        },
        "lon": {
          "name": "lon",
          "type": "numeric(10, 7)",
          "primaryKey": false,
          "notNull": false
        },
        "status": {
          "name": "status",
          "type": "text",
          "primaryKey": false,
          "notNull": true
        },
        "is_publishable": {
          "name": "is_publishable",
          "type": "boolean",
          "primaryKey": false,
          "notNull": true,
          "default": false
        },
        "rating": {
          "name": "rating",
          "type": "integer",
          "primaryKey": false,
          "notNull": false
        },
        "collection_mode": {
          "name": "collection_mode",
          "type": "text",
          "primaryKey": false,
          "notNull": true
        },
        "sensor_data": {
          "name": "sensor_data",
          "type": "jsonb",
          "primaryKey": false,
          "notNull": false
        },
        "obstacles": {
          "name": "obstacles",
          "type": "jsonb",
          "primaryKey": false,
          "notNull": false
        },
        "is_confirmed": {
          "name": "is_confirmed",
          "type": "boolean",
          "primaryKey": false,
          "notNull": false,
          "default": false
        },
        "created_at": {
          "name": "created_at",
          "type": "timestamp with time zone",
          "primaryKey": false,
          "notNull": true,
          "default": "now()"
        },
        "updated_at": {
          "name": "updated_at",
          "type": "timestamp with time zone",
          "primaryKey": false,
          "notNull": true,
          "default": "now()"
        }
      },
      "indexes": {},
      "foreignKeys": {
        "path_report_user_id_user_id_fk": {
          "name": "path_report_user_id_user_id_fk",
          "tableFrom": "path_report",
          "tableTo": "user",
          "columnsFrom": [
            "user_id"
          ],
          "columnsTo": [
            "id"
          ],
          "onDelete": "cascade",
          "onUpdate": "no action"
        },
        "path_report_trip_route_id_trip_route_id_fk": {
          "name": "path_report_trip_route_id_trip_route_id_fk",
          "tableFrom": "path_report",
          "tableTo": "trip_route",
          "columnsFrom": [
            "trip_route_id"
          ],
          "columnsTo": [
            "id"
          ],
          "onDelete": "cascade",
          "onUpdate": "no action"
        }
      },
      "compositePrimaryKeys": {},
      "uniqueConstraints": {},
      "policies": {},
      "checkConstraints": {},
      "isRLSEnabled": false
    },
    "public.path_segment": {
      "name": "path_segment",
      "schema": "",
      "columns": {
        "id": {
          "name": "id",
          "type": "text",
          "primaryKey": true,
          "notNull": true,
          "default": "gen_random_uuid()"
        },
        "path_id": {
          "name": "path_id",
          "type": "text",
          "primaryKey": false,
          "notNull": true
        },
        "street_id": {
          "name": "street_id",
          "type": "text",
          "primaryKey": false,
          "notNull": true
        },
        "order_index": {
          "name": "order_index",
          "type": "integer",
          "primaryKey": false,
          "notNull": true
        },
        "created_at": {
          "name": "created_at",
          "type": "timestamp with time zone",
          "primaryKey": false,
          "notNull": true,
          "default": "now()"
        }
      },
      "indexes": {
        "idx_path_segment_unique": {
          "name": "idx_path_segment_unique",
          "columns": [
            {
              "expression": "path_id",
              "isExpression": false,
              "asc": true,
              "nulls": "last"
            },
            {
              "expression": "order_index",
              "isExpression": false,
              "asc": true,
              "nulls": "last"
            }
          ],
          "isUnique": true,
          "concurrently": false,
          "method": "btree",
          "with": {}
        },
        "idx_path_segment_path_id": {
          "name": "idx_path_segment_path_id",
          "columns": [
            {
              "expression": "path_id",
              "isExpression": false,
              "asc": true,
              "nulls": "last"
            }
          ],
          "isUnique": false,
          "concurrently": false,
          "method": "btree",
          "with": {}
        },
        "idx_path_segment_street_id": {
          "name": "idx_path_segment_street_id",
          "columns": [
            {
              "expression": "street_id",
              "isExpression": false,
              "asc": true,
              "nulls": "last"
            }
          ],
          "isUnique": false,
          "concurrently": false,
          "method": "btree",
          "with": {}
        }
      },
      "foreignKeys": {
        "path_segment_path_id_path_id_fk": {
          "name": "path_segment_path_id_path_id_fk",
          "tableFrom": "path_segment",
          "tableTo": "path",
          "columnsFrom": [
            "path_id"
          ],
          "columnsTo": [
            "id"
          ],
          "onDelete": "cascade",
          "onUpdate": "no action"
        },
        "path_segment_street_id_street_id_fk": {
          "name": "path_segment_street_id_street_id_fk",
          "tableFrom": "path_segment",
          "tableTo": "street",
          "columnsFrom": [
            "street_id"
          ],
          "columnsTo": [
            "id"
          ],
          "onDelete": "cascade",
          "onUpdate": "no action"
        }
      },
      "compositePrimaryKeys": {},
      "uniqueConstraints": {},
      "policies": {},
      "checkConstraints": {},
      "isRLSEnabled": false
    },
    "public.street": {
      "name": "street",
      "schema": "",
      "columns": {
        "id": {
          "name": "id",
          "type": "text",
          "primaryKey": true,
          "notNull": true,
          "default": "gen_random_uuid()"
        },
        "name": {
          "name": "name",
          "type": "text",
          "primaryKey": false,
          "notNull": true
        },
        "geometry": {
          "name": "geometry",
          "type": "jsonb",
          "primaryKey": false,
          "notNull": true
        },
        "is_cyclable": {
          "name": "is_cyclable",
          "type": "boolean",
          "primaryKey": false,
          "notNull": true,
          "default": true
        },
        "speed_limit": {
          "name": "speed_limit",
          "type": "integer",
          "primaryKey": false,
          "notNull": false
        },
        "current_status": {
          "name": "current_status",
          "type": "text",
          "primaryKey": false,
          "notNull": false
        },
        "city": {
          "name": "city",
          "type": "text",
          "primaryKey": false,
          "notNull": false
        },
        "district": {
          "name": "district",
          "type": "text",
          "primaryKey": false,
          "notNull": false
        },
        "created_at": {
          "name": "created_at",
          "type": "timestamp with time zone",
          "primaryKey": false,
          "notNull": true,
          "default": "now()"
        },
        "updated_at": {
          "name": "updated_at",
          "type": "timestamp with time zone",
          "primaryKey": false,
          "notNull": true,
          "default": "now()"
        }
      },
      "indexes": {},
      "foreignKeys": {},
      "compositePrimaryKeys": {},
      "uniqueConstraints": {},
      "policies": {},
      "checkConstraints": {},
      "isRLSEnabled": false
    },
    "public.trip_rating": {
      "name": "trip_rating",
      "schema": "",
      "columns": {
        "id": {
          "name": "id",
          "type": "text",
          "primaryKey": true,
          "notNull": true,
          "default": "gen_random_uuid()"
        },
        "trip_id": {
          "name": "trip_id",
          "type": "text",
          "primaryKey": false,
          "notNull": true
        },
        "user_id": {
          "name": "user_id",
          "type": "text",
          "primaryKey": false,
          "notNull": true
        },
        "rating": {
          "name": "rating",
          "type": "integer",
          "primaryKey": false,
          "notNull": true
        },
        "notes": {
          "name": "notes",
          "type": "text",
          "primaryKey": false,
          "notNull": false
        },
        "is_published": {
          "name": "is_published",
          "type": "integer",
          "primaryKey": false,
          "notNull": true,
          "default": 0
        },
        "created_at": {
          "name": "created_at",
          "type": "timestamp with time zone",
          "primaryKey": false,
          "notNull": true,
          "default": "now()"
        },
        "updated_at": {
          "name": "updated_at",
          "type": "timestamp with time zone",
          "primaryKey": false,
          "notNull": true,
          "default": "now()"
        }
      },
      "indexes": {
        "idx_trip_rating_unique": {
          "name": "idx_trip_rating_unique",
          "columns": [
            {
              "expression": "trip_id",
              "isExpression": false,
              "asc": true,
              "nulls": "last"
            }
          ],
          "isUnique": true,
          "concurrently": false,
          "method": "btree",
          "with": {}
        }
      },
      "foreignKeys": {
        "trip_rating_trip_id_trip_id_fk": {
          "name": "trip_rating_trip_id_trip_id_fk",
          "tableFrom": "trip_rating",
          "tableTo": "trip",
          "columnsFrom": [
            "trip_id"
          ],
          "columnsTo": [
            "id"
          ],
          "onDelete": "cascade",
          "onUpdate": "no action"
        },
        "trip_rating_user_id_user_id_fk": {
          "name": "trip_rating_user_id_user_id_fk",
          "tableFrom": "trip_rating",
          "tableTo": "user",
          "columnsFrom": [
            "user_id"
          ],
          "columnsTo": [
            "id"
          ],
          "onDelete": "cascade",
          "onUpdate": "no action"
        }
      },
      "compositePrimaryKeys": {},
      "uniqueConstraints": {},
      "policies": {},
      "checkConstraints": {},
      "isRLSEnabled": false
    }
  },
  "enums": {},
  "schemas": {},
  "sequences": {},
  "roles": {},
  "policies": {},
  "views": {},
  "_meta": {
    "columns": {},
    "schemas": {},
    "tables": {}
  }
}